Workbook

Sheet Ammonia
A1: Index | B1: Time | C1: NG price | D1: BAU | E1: Wind | F1: Solar | G1: Electricity
A2: 1 | B2: Jan '22 | C2: 1262.7383 | D2: 1160.6819 | E2: 1345.0184 | F2: 1823.4322 | G2: 167.87
A3: =A2+1 -> 2 | B3: Feb '22 | C3: 1216.6732 | D3: 1099.854 | E3: 1326.6503 | F3: 1805.0641 | G3: 128.78
A4: =A3+1 -> 3 | B4: Mar '22 | C4: 1894.195 | D4: 1571.7541 | E4: 1384.4379 | F4: 1862.8516 | G4: 251.76
A5: =A4+1 -> 4 | B5: Apr '22 | C5: 1438.9416 | D5: 1251.7429 | E5: 1344.1397 | F5: 1822.5535 | G5: 166
A6: =A5+1 -> 5 | B6: May '22 | C6: 1303.4009 | D6: 1191.117 | E6: 1349.5482 | F6: 1827.962 | G6: 177.51
A7: =A6+1 -> 6 | B7: Jun '22 | C7: 1499.4204 | D7: 1332.4071 | E7: 1368.6588 | F7: 1847.0726 | G7: 218.18
A8: =A7+1 -> 7 | B8: Jul '22 | C8: 2293.5191 | D8: 1841.4842 | E8: 1414.2761 | F8: 1892.6899 | G8: 315.26
A9: =A8+1 -> 8 | B9: Aug '22 | C9: 3129.6772 | D9: 2426.0415 | E9: 1486.6821 | F9: 1965.0959 | G9: 469.35
A10: =A9+1 -> 9 | B10: Sep '22 | C10: 2640.8126 | D10: 2066.4291 | E10: 1435.3838 | F10: 1913.7975 | G10: 360.18
A11: =A10+1 -> 10 | B11: Oct '22 | C11: 1743.5761 | D11: 1404.5118 | E11: 1340.2772 | F11: 1818.691 | G11: 157.78
A12: =A11+1 -> 11 | B12: Nov '22 | C12: 1596.1812 | D12: 1343.4039 | E12: 1348.5802 | F12: 1826.994 | G12: 175.45
A13: =A12+1 -> 12 | B13: Dec '22 | C13: 1610.5231 | D13: 1426.9212 | E13: 1386.7403 | F13: 1865.1541 | G13: 256.66
A14: =A13+1 -> 13 | B14: Jan '23 | C14: 901.85652 | D14: 932.97665 | E14: 1314.2518 | F14: 1791.8198 | G14: 135.59
... A25: =A24+1 -> 24 | B25: Dec '23 | C25: 514.1384 | D25: 665.88932 | E25: 1282.6702 | F25: 1760.2382 | G25: 68.38

Sheet Ammonia summary
B1: Natural gas | C1: BAU | D1: Wind | E1: Solar
A2: =Ammonia!B2 -> Jan '22 | B2: =Ammonia!C2 -> 1262.7383 | C2: =Ammonia!D2 -> 1160.6819 | D2: =Ammonia!E2 -> 1345.0184 | E2: =Ammonia!F2 -> 1823.4322
A3: =Ammonia!B3 -> Feb '22 | B3: =Ammonia!C3 -> 1216.6732 | C3: =Ammonia!D3 -> 1099.854 | D3: =Ammonia!E3 -> 1326.6503 | E3: =Ammonia!F3 -> 1805.0641
A4: =Ammonia!B4 -> Mar '22 | B4: =Ammonia!C4 -> 1894.195 | C4: =Ammonia!D4 -> 1571.7541 | D4: =Ammonia!E4 -> 1384.4379 | E4: =Ammonia!F4 -> 1862.8516
A5: =Ammonia!B5 -> Apr '22 | B5: =Ammonia!C5 -> 1438.9416 | C5: =Ammonia!D5 -> 1251.7429 | D5: =Ammonia!E5 -> 1344.1397 | E5: =Ammonia!F5 -> 1822.5535
A6: =Ammonia!B6 -> May '22 | B6: =Ammonia!C6 -> 1303.4009 | C6: =Ammonia!D6 -> 1191.117 | D6: =Ammonia!E6 -> 1349.5482 | E6: =Ammonia!F6 -> 1827.962
A7: =Ammonia!B7 -> Jun '22 | B7: =Ammonia!C7 -> 1499.4204 | C7: =Ammonia!D7 -> 1332.4071 | D7: =Ammonia!E7 -> 1368.6588 | E7: =Ammonia!F7 -> 1847.0726
A8: =Ammonia!B8 -> Jul '22 | B8: =Ammonia!C8 -> 2293.5191 | C8: =Ammonia!D8 -> 1841.4842 | D8: =Ammonia!E8 -> 1414.2761 | E8: =Ammonia!F8 -> 1892.6899
A9: =Ammonia!B9 -> Aug '22 | B9: =Ammonia!C9 -> 3129.6772 | C9: =Ammonia!D9 -> 2426.0415 | D9: =Ammonia!E9 -> 1486.6821 | E9: =Ammonia!F9 -> 1965.0959
A10: =Ammonia!B10 -> Sep '22 | B10: =Ammonia!C10 -> 2640.8126 | C10: =Ammonia!D10 -> 2066.4291 | D10: =Ammonia!E10 -> 1435.3838 | E10: =Ammonia!F10 -> 1913.7975
A11: =Ammonia!B11 -> Oct '22 | B11: =Ammonia!C11 -> 1743.5761 | C11: =Ammonia!D11 -> 1404.5118 | D11: =Ammonia!E11 -> 1340.2772 | E11: =Ammonia!F11 -> 1818.691
A12: =Ammonia!B12 -> Nov '22 | B12: =Ammonia!C12 -> 1596.1812 | C12: =Ammonia!D12 -> 1343.4039 | D12: =Ammonia!E12 -> 1348.5802 | E12: =Ammonia!F12 -> 1826.994
A13: =Ammonia!B13 -> Dec '22 | B13: =Ammonia!C13 -> 1610.5231 | C13: =Ammonia!D13 -> 1426.9212 | D13: =Ammonia!E13 -> 1386.7403 | E13: =Ammonia!F13 -> 1865.1541
... A25: =Ammonia!B25 -> Dec '23 | B25: =Ammonia!C25 -> 514.1384 | C25: =Ammonia!D25 -> 665.88932 | D25: =Ammonia!E25 -> 1282.6702 | E25: =Ammonia!F25 -> 1760.2382

Sheet Methanol
A1: Index | B1: Time | C1: NG price | D1: BAU | E1: DAC + wind | F1: DAC + solar
A2: 1 | B2: Jan '22 | C2: =Ammonia!C2 -> 1262.7383 | D2: 962.05936 | E2: 1778.8249 | F2: 2294.6749
A3: =A2+1 -> 2 | B3: Feb '22 | C3: =Ammonia!C3 -> 1216.6732 | D3: 929.05729 | E3: 1759.8981 | F3: 2275.7481
A4: =A3+1 -> 3 | B4: Mar '22 | C4: =Ammonia!C4 -> 1894.195 | D4: 1381.005 | E4: 1902.6857 | F4: 2418.5357
A5: =A4+1 -> 4 | B5: Apr '22 | C5: =Ammonia!C5 -> 1438.9416 | D5: 1077.0924 | E5: 1805.8036 | F5: 2321.6536
A6: =A5+1 -> 5 | B6: May '22 | C6: =Ammonia!C6 -> 1303.4009 | D6: 989.35098 | E6: 1788.0722 | F6: 2303.9222
A7: =A6+1 -> 6 | B7: Jun '22 | C7: =Ammonia!C7 -> 1499.4204 | D7: 1120.4844 | E7: 1830.9102 | F7: 2346.7602
A8: =A7+1 -> 7 | B8: Jul '22 | C8: =Ammonia!C8 -> 2293.5191 | D8: 1646.7135 | E8: 1984.1482 | F8: 2499.9982
A9: =A8+1 -> 8 | B9: Aug '22 | C9: =Ammonia!C9 -> 3129.6772 | D9: 2204.6525 | E9: 2161.0629 | F9: 2676.9129
A10: =A9+1 -> 9 | B10: Sep '22 | C10: =Ammonia!C10 -> 2640.8126 | D10: 1877.0383 | E10: 2051.9046 | F10: 2567.7546
A11: =A10+1 -> 10 | B11: Oct '22 | C11: =Ammonia!C11 -> 1743.5761 | D11: 1275.6018 | E11: 1850.9506 | F11: 2366.8006
A12: =A11+1 -> 11 | B12: Nov '22 | C12: =Ammonia!C12 -> 1596.1812 | D12: 1180.5679 | E12: 1833.2145 | F12: 2349.0645
A13: =A12+1 -> 12 | B13: Dec '22 | C13: =Ammonia!C13 -> 1610.5231 | D13: 1195.9517 | E13: 1859.819 | F13: 2375.669
A14: =A13+1 -> 13 | B14: Jan '23 | C14: =Ammonia!C14 -> 901.85652 | D14: 721.06207 | E14: 1692.2786 | F14: 2207.2166
... A25: =A24+1 -> 24 | B25: Dec '23 | C25: =Ammonia!C25 -> 514.1384 | D25: 462.6651 | E25: 1611.5171 | F25: 2126.4551

Sheet Methanol summary
B1: Natural gas | C1: BAU | D1: Wind | E1: Solar
A2: =Ammonia!B2 -> Jan '22 | B2: =Methanol!C2 -> 1262.7383 | C2: =Methanol!D2 -> 962.05936 | D2: =Methanol!E2 -> 1778.8249 | E2: =Methanol!F2 -> 2294.6749
A3: =Ammonia!B3 -> Feb '22 | B3: =Methanol!C3 -> 1216.6732 | C3: =Methanol!D3 -> 929.05729 | D3: =Methanol!E3 -> 1759.8981 | E3: =Methanol!F3 -> 2275.7481
A4: =Ammonia!B4 -> Mar '22 | B4: =Methanol!C4 -> 1894.195 | C4: =Methanol!D4 -> 1381.005 | D4: =Methanol!E4 -> 1902.6857 | E4: =Methanol!F4 -> 2418.5357
A5: =Ammonia!B5 -> Apr '22 | B5: =Methanol!C5 -> 1438.9416 | C5: =Methanol!D5 -> 1077.0924 | D5: =Methanol!E5 -> 1805.8036 | E5: =Methanol!F5 -> 2321.6536
A6: =Ammonia!B6 -> May '22 | B6: =Methanol!C6 -> 1303.4009 | C6: =Methanol!D6 -> 989.35098 | D6: =Methanol!E6 -> 1788.0722 | E6: =Methanol!F6 -> 2303.9222
A7: =Ammonia!B7 -> Jun '22 | B7: =Methanol!C7 -> 1499.4204 | C7: =Methanol!D7 -> 1120.4844 | D7: =Methanol!E7 -> 1830.9102 | E7: =Methanol!F7 -> 2346.7602
A8: =Ammonia!B8 -> Jul '22 | B8: =Methanol!C8 -> 2293.5191 | C8: =Methanol!D8 -> 1646.7135 | D8: =Methanol!E8 -> 1984.1482 | E8: =Methanol!F8 -> 2499.9982
A9: =Ammonia!B9 -> Aug '22 | B9: =Methanol!C9 -> 3129.6772 | C9: =Methanol!D9 -> 2204.6525 | D9: =Methanol!E9 -> 2161.0629 | E9: =Methanol!F9 -> 2676.9129
A10: =Ammonia!B10 -> Sep '22 | B10: =Methanol!C10 -> 2640.8126 | C10: =Methanol!D10 -> 1877.0383 | D10: =Methanol!E10 -> 2051.9046 | E10: =Methanol!F10 -> 2567.7546
A11: =Ammonia!B11 -> Oct '22 | B11: =Methanol!C11 -> 1743.5761 | C11: =Methanol!D11 -> 1275.6018 | D11: =Methanol!E11 -> 1850.9506 | E11: =Methanol!F11 -> 2366.8006
A12: =Ammonia!B12 -> Nov '22 | B12: =Methanol!C12 -> 1596.1812 | C12: =Methanol!D12 -> 1180.5679 | D12: =Methanol!E12 -> 1833.2145 | E12: =Methanol!F12 -> 2349.0645
A13: =Ammonia!B13 -> Dec '22 | B13: =Methanol!C13 -> 1610.5231 | C13: =Methanol!D13 -> 1195.9517 | D13: =Methanol!E13 -> 1859.819 | E13: =Methanol!F13 -> 2375.669
... A25: =Ammonia!B25 -> Dec '23 | B25: =Methanol!C25 -> 514.1384 | C25: =Methanol!D25 -> 462.6651 | D25: =Methanol!E25 -> 1611.5171 | E25: =Methanol!F25 -> 2126.4551

Sheet LCOH
A1: LCOE USD/kWh
B2: 2022 | F2: 2023
B3: Average | C3: Low | D3: High | E3: CF | F3: Average | G3: Low | H3: High | I3: CF
A4: Wind - on shore | B4: 0.045 | C4: 0.029 | D4: 0.059 | E4: 37 | F4: =B4*$B$12/$B$11 -> 0.044012868 | G4: =C4*$B$12/$B$11 -> 0.028363848 | H4: =D4*$B$12/$B$11 -> 0.05770576 | I4: 37 | J4: IRENA
A5: Solar PV | B5: 0.049 | C5: 0.03 | D5: 0.12 | E5: 16.9 | F5: =B5*$B$12/$B$11 -> 0.047925123 | G5: =C5*$B$12/$B$11 -> 0.029341912 | H5: =D5*$B$12/$B$11 -> 0.11736765 | I5: 16.9 | J5: IRENA
A8: CEPCI 2019 | B8: 607.5
A9: CEPCI 2020 | B9: 596.2
A10: CEPCI 2021 | B10: 708
A11: CEPCI 2022 | B11: 816
A12: CEPCI 2023 | B12: 798.1
A14: Hydrogen USD/kg
B15: 2022 | F15: 2023
B16: Average | C16: Low | D16: High | E16: CF | F16: Average | G16: Low | H16: High | I16: CF
A17: Wind - on shore | B17: 5.6253 | C17: 4.7453 | D17: 6.3953 | E17: =E4 -> 37 | F17: 5.571 | G17: 4.7103 | H17: 6.3241 | I17: =I4 -> 37
A18: Solar PV | B18: 8.3403 | C18: 7.2953 | D18: 12.2453 | E18: =E5 -> 16.9 | F18: 8.2812 | G18: 7.2591 | H18: 12.1005 | I18: =I5 -> 16.9

Sheet DAC
A1: Index | B1: Time | C1: DAC | D1: Low | E1: High
A2: 1 | B2: Jan '22 | C2: 482.30436 | D2: 346.94238 | E2: 617.66633
A3: =A2+1 -> 2 | B3: Feb '22 | C3: 475.1046 | D3: 339.74263 | E3: 610.46658
A4: =A3+1 -> 3 | B4: Mar '22 | C4: 580.99816 | D4: 445.63619 | E4: 716.36014
A5: =A4+1 -> 4 | B5: Apr '22 | C5: 509.84414 | D5: 374.48217 | E5: 645.20612
A6: =A5+1 -> 5 | B6: May '22 | C6: 488.65975 | D6: 353.29777 | E6: 624.02172
A7: =A6+1 -> 6 | B7: Jun '22 | C7: 519.2967 | D7: 383.93472 | E7: 654.65868
A8: =A7+1 -> 7 | B8: Jul '22 | C8: 643.41069 | D8: 508.04871 | E8: 778.77266
A9: =A8+1 -> 8 | B9: Aug '22 | C9: 774.09837 | D9: 638.7364 | E9: 909.46035
A10: =A9+1 -> 9 | B10: Sep '22 | C10: 697.69108 | D10: 562.3291 | E10: 833.05305
A11: =A10+1 -> 10 | B11: Oct '22 | C11: 557.45712 | D11: 422.09514 | E11: 692.8191
A12: =A11+1 -> 11 | B12: Nov '22 | C12: 534.41996 | D12: 399.05799 | E12: 669.78194
A13: =A12+1 -> 12 | B13: Dec '22 | C13: 536.66153 | D13: 401.29956 | E13: 672.02351
A14: =A13+1 -> 13 | B14: Jan '23 | C14: 419.64958 | D14: 287.25694 | E14: 552.04222
... A25: =A24+1 -> 24 | B25: Dec '23 | C25: 359.05101 | D25: 226.65837 | E25: 491.44365
